Filename,Correct
/Users/henriwoodcock/Documents/Code/data_projects/automatic-asset-classification/data/processing/outfall/test/outfall_465.jpg,yes
/Users/henriwoodcock/Documents/Code/data_projects/automatic-asset-classification/data/processing/outfall/test/outfall_303.jpg,yes
/Users/henriwoodcock/Documents/Code/data_projects/automatic-asset-classification/data/processing/outfall/test/outfall_317.jpg,no
/Users/henriwoodcock/Documents/Code/data_projects/automatic-asset-classification/data/processing/outfall/test/outfall_471.jpg,yes
/Users/henriwoodcock/Documents/Code/data_projects/automatic-asset-classification/data/processing/outfall/test/outfall_698.jpg,yes
/Users/henriwoodcock/Documents/Code/data_projects/automatic-asset-classification/data/processing/outfall/test/outfall_81.jpg,yes
/Users/henriwoodcock/Documents/Code/data_projects/automatic-asset-classification/data/processing/outfall/test/outfall_101.jpg,yes
/Users/henriwoodcock/Documents/Code/data_projects/automatic-asset-classification/data/processing/outfall/test/outfall_673.jpg,yes
/Users/henriwoodcock/Documents/Code/data_projects/automatic-asset-classification/data/processing/outfall/test/outfall_56.jpg,yes
/Users/henriwoodcock/Documents/Code/data_projects/automatic-asset-classification/data/processing/outfall/test/outfall_42.jpg,no
/Users/henriwoodcock/Documents/Code/data_projects/automatic-asset-classification/data/processing/outfall/test/outfall_129.jpg,yes
/Users/henriwoodcock/Documents/Code/data_projects/automatic-asset-classification/data/processing/outfall/test/outfall_713.jpg,yes
/Users/henriwoodcock/Documents/Code/data_projects/automatic-asset-classification/data/processing/outfall/test/outfall_707.jpg,yes
/Users/henriwoodcock/Documents/Code/data_projects/automatic-asset-classification/data/processing/outfall/test/outfall_288.jpg,yes
/Users/henriwoodcock/Documents/Code/data_projects/automatic-asset-classification/data/processing/outfall/test/outfall_511.jpg,yes
/Users/henriwoodcock/Documents/Code/data_projects/automatic-asset-classification/data/processing/outfall/test/outfall_277.jpg,yes
/Users/henriwoodcock/Documents/Code/data_projects/automatic-asset-classification/data/processing/outfall/test/outfall_505.jpg,no
/Users/henriwoodcock/Documents/Code/data_projects/automatic-asset-classification/data/processing/outfall/test/outfall_539.jpg,yes
/Users/henriwoodcock/Documents/Code/data_projects/automatic-asset-classification/data/processing/outfall/test/outfall_262.jpg,no
/Users/henriwoodcock/Documents/Code/data_projects/automatic-asset-classification/data/processing/outfall/test/outfall_504.jpg,yes
/Users/henriwoodcock/Documents/Code/data_projects/automatic-asset-classification/data/processing/outfall/test/outfall_510.jpg,yes
/Users/henriwoodcock/Documents/Code/data_projects/automatic-asset-classification/data/processing/outfall/test/outfall_276.jpg,yes
/Users/henriwoodcock/Documents/Code/data_projects/automatic-asset-classification/data/processing/outfall/test/outfall_289.jpg,yes
/Users/henriwoodcock/Documents/Code/data_projects/automatic-asset-classification/data/processing/outfall/test/outfall_706.jpg,yes
/Users/henriwoodcock/Documents/Code/data_projects/automatic-asset-classification/data/processing/outfall/test/outfall_712.jpg,yes
/Users/henriwoodcock/Documents/Code/data_projects/automatic-asset-classification/data/processing/outfall/test/outfall_43.jpg,yes
/Users/henriwoodcock/Documents/Code/data_projects/automatic-asset-classification/data/processing/outfall/test/outfall_128.jpg,yes
/Users/henriwoodcock/Documents/Code/data_projects/automatic-asset-classification/data/processing/outfall/test/outfall_57.jpg,yes
/Users/henriwoodcock/Documents/Code/data_projects/automatic-asset-classification/data/processing/outfall/test/outfall_672.jpg,yes
/Users/henriwoodcock/Documents/Code/data_projects/automatic-asset-classification/data/processing/outfall/test/outfall_114.jpg,yes
/Users/henriwoodcock/Documents/Code/data_projects/automatic-asset-classification/data/processing/outfall/test/outfall_100.jpg,yes
/Users/henriwoodcock/Documents/Code/data_projects/automatic-asset-classification/data/processing/outfall/test/outfall_666.jpg,yes
/Users/henriwoodcock/Documents/Code/data_projects/automatic-asset-classification/data/processing/outfall/test/outfall_80.jpg,yes
/Users/henriwoodcock/Documents/Code/data_projects/automatic-asset-classification/data/processing/outfall/test/outfall_699.jpg,yes
/Users/henriwoodcock/Documents/Code/data_projects/automatic-asset-classification/data/processing/outfall/test/outfall_94.jpg,yes
/Users/henriwoodcock/Documents/Code/data_projects/automatic-asset-classification/data/processing/outfall/test/outfall_470.jpg,no
/Users/henriwoodcock/Documents/Code/data_projects/automatic-asset-classification/data/processing/outfall/test/outfall_302.jpg,yes
/Users/henriwoodcock/Documents/Code/data_projects/automatic-asset-classification/data/processing/outfall/test/outfall_499.jpg,yes
/Users/henriwoodcock/Documents/Code/data_projects/automatic-asset-classification/data/processing/outfall/test/outfall_472.jpg,yes
/Users/henriwoodcock/Documents/Code/data_projects/automatic-asset-classification/data/processing/outfall/test/outfall_314.jpg,yes
/Users/henriwoodcock/Documents/Code/data_projects/automatic-asset-classification/data/processing/outfall/test/outfall_300.jpg,yes
/Users/henriwoodcock/Documents/Code/data_projects/automatic-asset-classification/data/processing/outfall/test/outfall_466.jpg,yes
/Users/henriwoodcock/Documents/Code/data_projects/automatic-asset-classification/data/processing/outfall/test/outfall_328.jpg,yes
/Users/henriwoodcock/Documents/Code/data_projects/automatic-asset-classification/data/processing/outfall/test/outfall_82.jpg,yes
/Users/henriwoodcock/Documents/Code/data_projects/automatic-asset-classification/data/processing/outfall/test/outfall_96.jpg,yes
/Users/henriwoodcock/Documents/Code/data_projects/automatic-asset-classification/data/processing/outfall/test/outfall_116.jpg,yes
/Users/henriwoodcock/Documents/Code/data_projects/automatic-asset-classification/data/processing/outfall/test/outfall_670.jpg,yes
/Users/henriwoodcock/Documents/Code/data_projects/automatic-asset-classification/data/processing/outfall/test/outfall_69.jpg,yes
/Users/henriwoodcock/Documents/Code/data_projects/automatic-asset-classification/data/processing/outfall/test/outfall_664.jpg,yes
/Users/henriwoodcock/Documents/Code/data_projects/automatic-asset-classification/data/processing/outfall/test/outfall_102.jpg,yes
/Users/henriwoodcock/Documents/Code/data_projects/automatic-asset-classification/data/processing/outfall/test/outfall_41.jpg,yes
/Users/henriwoodcock/Documents/Code/data_projects/automatic-asset-classification/data/processing/outfall/test/outfall_658.jpg,yes
/Users/henriwoodcock/Documents/Code/data_projects/automatic-asset-classification/data/processing/outfall/test/outfall_55.jpg,yes
/Users/henriwoodcock/Documents/Code/data_projects/automatic-asset-classification/data/processing/outfall/test/outfall_704.jpg,yes
/Users/henriwoodcock/Documents/Code/data_projects/automatic-asset-classification/data/processing/outfall/test/outfall_710.jpg,yes
/Users/henriwoodcock/Documents/Code/data_projects/automatic-asset-classification/data/processing/outfall/test/outfall_738.jpg,yes
/Users/henriwoodcock/Documents/Code/data_projects/automatic-asset-classification/data/processing/outfall/test/outfall_506.jpg,yes
/Users/henriwoodcock/Documents/Code/data_projects/automatic-asset-classification/data/processing/outfall/test/outfall_260.jpg,yes
/Users/henriwoodcock/Documents/Code/data_projects/automatic-asset-classification/data/processing/outfall/test/outfall_274.jpg,yes
/Users/henriwoodcock/Documents/Code/data_projects/automatic-asset-classification/data/processing/outfall/test/outfall_512.jpg,yes
/Users/henriwoodcock/Documents/Code/data_projects/automatic-asset-classification/data/processing/outfall/test/outfall_248.jpg,no
/Users/henriwoodcock/Documents/Code/data_projects/automatic-asset-classification/data/processing/outfall/test/outfall_249.jpg,no
/Users/henriwoodcock/Documents/Code/data_projects/automatic-asset-classification/data/processing/outfall/test/outfall_275.jpg,yes
/Users/henriwoodcock/Documents/Code/data_projects/automatic-asset-classification/data/processing/outfall/test/outfall_513.jpg,yes
/Users/henriwoodcock/Documents/Code/data_projects/automatic-asset-classification/data/processing/outfall/test/outfall_507.jpg,no
/Users/henriwoodcock/Documents/Code/data_projects/automatic-asset-classification/data/processing/outfall/test/outfall_261.jpg,yes
/Users/henriwoodcock/Documents/Code/data_projects/automatic-asset-classification/data/processing/outfall/test/outfall_711.jpg,yes
/Users/henriwoodcock/Documents/Code/data_projects/automatic-asset-classification/data/processing/outfall/test/outfall_54.jpg,yes
/Users/henriwoodcock/Documents/Code/data_projects/automatic-asset-classification/data/processing/outfall/test/outfall_659.jpg,yes
/Users/henriwoodcock/Documents/Code/data_projects/automatic-asset-classification/data/processing/outfall/test/outfall_40.jpg,yes
/Users/henriwoodcock/Documents/Code/data_projects/automatic-asset-classification/data/processing/outfall/test/outfall_665.jpg,yes
/Users/henriwoodcock/Documents/Code/data_projects/automatic-asset-classification/data/processing/outfall/test/outfall_68.jpg,yes
/Users/henriwoodcock/Documents/Code/data_projects/automatic-asset-classification/data/processing/outfall/test/outfall_117.jpg,yes
/Users/henriwoodcock/Documents/Code/data_projects/automatic-asset-classification/data/processing/outfall/test/outfall_671.jpg,no
/Users/henriwoodcock/Documents/Code/data_projects/automatic-asset-classification/data/processing/outfall/test/outfall_97.jpg,yes
/Users/henriwoodcock/Documents/Code/data_projects/automatic-asset-classification/data/processing/outfall/test/outfall_329.jpg,yes
/Users/henriwoodcock/Documents/Code/data_projects/automatic-asset-classification/data/processing/outfall/test/outfall_301.jpg,yes
/Users/henriwoodcock/Documents/Code/data_projects/automatic-asset-classification/data/processing/outfall/test/outfall_467.jpg,yes
/Users/henriwoodcock/Documents/Code/data_projects/automatic-asset-classification/data/processing/outfall/test/outfall_473.jpg,yes
/Users/henriwoodcock/Documents/Code/data_projects/automatic-asset-classification/data/processing/outfall/test/outfall_315.jpg,yes
/Users/henriwoodcock/Documents/Code/data_projects/automatic-asset-classification/data/processing/outfall/test/outfall_498.jpg,no
/Users/henriwoodcock/Documents/Code/data_projects/automatic-asset-classification/data/processing/outfall/test/outfall_488.jpg,no
/Users/henriwoodcock/Documents/Code/data_projects/automatic-asset-classification/data/processing/outfall/test/outfall_339.jpg,yes
/Users/henriwoodcock/Documents/Code/data_projects/automatic-asset-classification/data/processing/outfall/test/outfall_311.jpg,yes
/Users/henriwoodcock/Documents/Code/data_projects/automatic-asset-classification/data/processing/outfall/test/outfall_477.jpg,yes
/Users/henriwoodcock/Documents/Code/data_projects/automatic-asset-classification/data/processing/outfall/test/outfall_463.jpg,yes
/Users/henriwoodcock/Documents/Code/data_projects/automatic-asset-classification/data/processing/outfall/test/outfall_305.jpg,yes
/Users/henriwoodcock/Documents/Code/data_projects/automatic-asset-classification/data/processing/outfall/test/outfall_93.jpg,yes
/Users/henriwoodcock/Documents/Code/data_projects/automatic-asset-classification/data/processing/outfall/test/outfall_649.jpg,yes
/Users/henriwoodcock/Documents/Code/data_projects/automatic-asset-classification/data/processing/outfall/test/outfall_44.jpg,yes
/Users/henriwoodcock/Documents/Code/data_projects/automatic-asset-classification/data/processing/outfall/test/outfall_50.jpg,yes
/Users/henriwoodcock/Documents/Code/data_projects/automatic-asset-classification/data/processing/outfall/test/outfall_78.jpg,yes
/Users/henriwoodcock/Documents/Code/data_projects/automatic-asset-classification/data/processing/outfall/test/outfall_675.jpg,yes
/Users/henriwoodcock/Documents/Code/data_projects/automatic-asset-classification/data/processing/outfall/test/outfall_113.jpg,no
/Users/henriwoodcock/Documents/Code/data_projects/automatic-asset-classification/data/processing/outfall/test/outfall_107.jpg,yes
/Users/henriwoodcock/Documents/Code/data_projects/automatic-asset-classification/data/processing/outfall/test/outfall_661.jpg,yes
/Users/henriwoodcock/Documents/Code/data_projects/automatic-asset-classification/data/processing/outfall/test/outfall_729.jpg,yes
/Users/henriwoodcock/Documents/Code/data_projects/automatic-asset-classification/data/processing/outfall/test/outfall_701.jpg,yes
/Users/henriwoodcock/Documents/Code/data_projects/automatic-asset-classification/data/processing/outfall/test/outfall_259.jpg,yes
/Users/henriwoodcock/Documents/Code/data_projects/automatic-asset-classification/data/processing/outfall/test/outfall_265.jpg,yes
/Users/henriwoodcock/Documents/Code/data_projects/automatic-asset-classification/data/processing/outfall/test/outfall_271.jpg,yes
/Users/henriwoodcock/Documents/Code/data_projects/automatic-asset-classification/data/processing/outfall/test/outfall_516.jpg,yes
/Users/henriwoodcock/Documents/Code/data_projects/automatic-asset-classification/data/processing/outfall/test/outfall_270.jpg,no
/Users/henriwoodcock/Documents/Code/data_projects/automatic-asset-classification/data/processing/outfall/test/outfall_264.jpg,yes
/Users/henriwoodcock/Documents/Code/data_projects/automatic-asset-classification/data/processing/outfall/test/outfall_502.jpg,yes
/Users/henriwoodcock/Documents/Code/data_projects/automatic-asset-classification/data/processing/outfall/test/outfall_258.jpg,yes
/Users/henriwoodcock/Documents/Code/data_projects/automatic-asset-classification/data/processing/outfall/test/outfall_714.jpg,yes
/Users/henriwoodcock/Documents/Code/data_projects/automatic-asset-classification/data/processing/outfall/test/outfall_700.jpg,no
/Users/henriwoodcock/Documents/Code/data_projects/automatic-asset-classification/data/processing/outfall/test/outfall_728.jpg,yes
/Users/henriwoodcock/Documents/Code/data_projects/automatic-asset-classification/data/processing/outfall/test/outfall_106.jpg,yes
/Users/henriwoodcock/Documents/Code/data_projects/automatic-asset-classification/data/processing/outfall/test/outfall_660.jpg,yes
/Users/henriwoodcock/Documents/Code/data_projects/automatic-asset-classification/data/processing/outfall/test/outfall_674.jpg,yes
/Users/henriwoodcock/Documents/Code/data_projects/automatic-asset-classification/data/processing/outfall/test/outfall_79.jpg,yes
/Users/henriwoodcock/Documents/Code/data_projects/automatic-asset-classification/data/processing/outfall/test/outfall_112.jpg,yes
/Users/henriwoodcock/Documents/Code/data_projects/automatic-asset-classification/data/processing/outfall/test/outfall_51.jpg,yes
/Users/henriwoodcock/Documents/Code/data_projects/automatic-asset-classification/data/processing/outfall/test/outfall_45.jpg,yes
/Users/henriwoodcock/Documents/Code/data_projects/automatic-asset-classification/data/processing/outfall/test/outfall_648.jpg,yes
/Users/henriwoodcock/Documents/Code/data_projects/automatic-asset-classification/data/processing/outfall/test/outfall_92.jpg,yes
/Users/henriwoodcock/Documents/Code/data_projects/automatic-asset-classification/data/processing/outfall/test/outfall_86.jpg,yes
/Users/henriwoodcock/Documents/Code/data_projects/automatic-asset-classification/data/processing/outfall/test/outfall_462.jpg,yes
/Users/henriwoodcock/Documents/Code/data_projects/automatic-asset-classification/data/processing/outfall/test/outfall_304.jpg,yes
/Users/henriwoodcock/Documents/Code/data_projects/automatic-asset-classification/data/processing/outfall/test/outfall_476.jpg,yes
/Users/henriwoodcock/Documents/Code/data_projects/automatic-asset-classification/data/processing/outfall/test/outfall_338.jpg,yes
/Users/henriwoodcock/Documents/Code/data_projects/automatic-asset-classification/data/processing/outfall/test/outfall_489.jpg,yes
/Users/henriwoodcock/Documents/Code/data_projects/automatic-asset-classification/data/processing/outfall/test/outfall_306.jpg,yes
/Users/henriwoodcock/Documents/Code/data_projects/automatic-asset-classification/data/processing/outfall/test/outfall_460.jpg,yes
/Users/henriwoodcock/Documents/Code/data_projects/automatic-asset-classification/data/processing/outfall/test/outfall_474.jpg,yes
/Users/henriwoodcock/Documents/Code/data_projects/automatic-asset-classification/data/processing/outfall/test/outfall_312.jpg,yes
/Users/henriwoodcock/Documents/Code/data_projects/automatic-asset-classification/data/processing/outfall/test/outfall_84.jpg,yes
/Users/henriwoodcock/Documents/Code/data_projects/automatic-asset-classification/data/processing/outfall/test/outfall_689.jpg,yes
/Users/henriwoodcock/Documents/Code/data_projects/automatic-asset-classification/data/processing/outfall/test/outfall_53.jpg,yes
/Users/henriwoodcock/Documents/Code/data_projects/automatic-asset-classification/data/processing/outfall/test/outfall_138.jpg,yes
/Users/henriwoodcock/Documents/Code/data_projects/automatic-asset-classification/data/processing/outfall/test/outfall_47.jpg,yes
/Users/henriwoodcock/Documents/Code/data_projects/automatic-asset-classification/data/processing/outfall/test/outfall_662.jpg,no
/Users/henriwoodcock/Documents/Code/data_projects/automatic-asset-classification/data/processing/outfall/test/outfall_110.jpg,yes
/Users/henriwoodcock/Documents/Code/data_projects/automatic-asset-classification/data/processing/outfall/test/outfall_716.jpg,yes
/Users/henriwoodcock/Documents/Code/data_projects/automatic-asset-classification/data/processing/outfall/test/outfall_702.jpg,yes
/Users/henriwoodcock/Documents/Code/data_projects/automatic-asset-classification/data/processing/outfall/test/outfall_299.jpg,yes
/Users/henriwoodcock/Documents/Code/data_projects/automatic-asset-classification/data/processing/outfall/test/outfall_272.jpg,yes
/Users/henriwoodcock/Documents/Code/data_projects/automatic-asset-classification/data/processing/outfall/test/outfall_500.jpg,yes
/Users/henriwoodcock/Documents/Code/data_projects/automatic-asset-classification/data/processing/outfall/test/outfall_266.jpg,yes
/Users/henriwoodcock/Documents/Code/data_projects/automatic-asset-classification/data/processing/outfall/test/outfall_501.jpg,yes
/Users/henriwoodcock/Documents/Code/data_projects/automatic-asset-classification/data/processing/outfall/test/outfall_267.jpg,yes
/Users/henriwoodcock/Documents/Code/data_projects/automatic-asset-classification/data/processing/outfall/test/outfall_515.jpg,yes
/Users/henriwoodcock/Documents/Code/data_projects/automatic-asset-classification/data/processing/outfall/test/outfall_529.jpg,yes
/Users/henriwoodcock/Documents/Code/data_projects/automatic-asset-classification/data/processing/outfall/test/outfall_298.jpg,yes
/Users/henriwoodcock/Documents/Code/data_projects/automatic-asset-classification/data/processing/outfall/test/outfall_703.jpg,yes
/Users/henriwoodcock/Documents/Code/data_projects/automatic-asset-classification/data/processing/outfall/test/outfall_717.jpg,no
/Users/henriwoodcock/Documents/Code/data_projects/automatic-asset-classification/data/processing/outfall/test/outfall_111.jpg,yes
/Users/henriwoodcock/Documents/Code/data_projects/automatic-asset-classification/data/processing/outfall/test/outfall_677.jpg,yes
/Users/henriwoodcock/Documents/Code/data_projects/automatic-asset-classification/data/processing/outfall/test/outfall_663.jpg,yes
/Users/henriwoodcock/Documents/Code/data_projects/automatic-asset-classification/data/processing/outfall/test/outfall_105.jpg,yes
/Users/henriwoodcock/Documents/Code/data_projects/automatic-asset-classification/data/processing/outfall/test/outfall_46.jpg,yes
/Users/henriwoodcock/Documents/Code/data_projects/automatic-asset-classification/data/processing/outfall/test/outfall_139.jpg,yes
/Users/henriwoodcock/Documents/Code/data_projects/automatic-asset-classification/data/processing/outfall/test/outfall_688.jpg,yes
/Users/henriwoodcock/Documents/Code/data_projects/automatic-asset-classification/data/processing/outfall/test/outfall_85.jpg,yes
/Users/henriwoodcock/Documents/Code/data_projects/automatic-asset-classification/data/processing/outfall/test/outfall_91.jpg,yes
/Users/henriwoodcock/Documents/Code/data_projects/automatic-asset-classification/data/processing/outfall/test/outfall_475.jpg,yes
/Users/henriwoodcock/Documents/Code/data_projects/automatic-asset-classification/data/processing/outfall/test/outfall_313.jpg,yes
/Users/henriwoodcock/Documents/Code/data_projects/automatic-asset-classification/data/processing/outfall/test/outfall_307.jpg,yes
/Users/henriwoodcock/Documents/Code/data_projects/automatic-asset-classification/data/processing/outfall/test/outfall_461.jpg,yes
/Users/henriwoodcock/Documents/Code/data_projects/automatic-asset-classification/data/processing/outfall/test/outfall_449.jpg,yes
/Users/henriwoodcock/Documents/Code/data_projects/automatic-asset-classification/data/processing/outfall/test/outfall_360.jpg,yes
/Users/henriwoodcock/Documents/Code/data_projects/automatic-asset-classification/data/processing/outfall/test/outfall_406.jpg,no
/Users/henriwoodcock/Documents/Code/data_projects/automatic-asset-classification/data/processing/outfall/test/outfall_412.jpg,no
/Users/henriwoodcock/Documents/Code/data_projects/automatic-asset-classification/data/processing/outfall/test/outfall_374.jpg,yes
/Users/henriwoodcock/Documents/Code/data_projects/automatic-asset-classification/data/processing/outfall/test/outfall_189.jpg,yes
/Users/henriwoodcock/Documents/Code/data_projects/automatic-asset-classification/data/processing/outfall/test/outfall_604.jpg,yes
/Users/henriwoodcock/Documents/Code/data_projects/automatic-asset-classification/data/processing/outfall/test/outfall_162.jpg,yes
/Users/henriwoodcock/Documents/Code/data_projects/automatic-asset-classification/data/processing/outfall/test/outfall_176.jpg,yes
/Users/henriwoodcock/Documents/Code/data_projects/automatic-asset-classification/data/processing/outfall/test/outfall_610.jpg,yes
/Users/henriwoodcock/Documents/Code/data_projects/automatic-asset-classification/data/processing/outfall/test/outfall_638.jpg,no
/Users/henriwoodcock/Documents/Code/data_projects/automatic-asset-classification/data/processing/outfall/test/outfall_35.jpg,yes
/Users/henriwoodcock/Documents/Code/data_projects/automatic-asset-classification/data/processing/outfall/test/outfall_21.jpg,no
/Users/henriwoodcock/Documents/Code/data_projects/automatic-asset-classification/data/processing/outfall/test/outfall_758.jpg,no
/Users/henriwoodcock/Documents/Code/data_projects/automatic-asset-classification/data/processing/outfall/test/outfall_8.jpg,yes
/Users/henriwoodcock/Documents/Code/data_projects/automatic-asset-classification/data/processing/outfall/test/outfall_599.jpg,yes
/Users/henriwoodcock/Documents/Code/data_projects/automatic-asset-classification/data/processing/outfall/test/outfall_214.jpg,no
/Users/henriwoodcock/Documents/Code/data_projects/automatic-asset-classification/data/processing/outfall/test/outfall_572.jpg,yes
/Users/henriwoodcock/Documents/Code/data_projects/automatic-asset-classification/data/processing/outfall/test/outfall_566.jpg,yes
/Users/henriwoodcock/Documents/Code/data_projects/automatic-asset-classification/data/processing/outfall/test/outfall_200.jpg,yes
/Users/henriwoodcock/Documents/Code/data_projects/automatic-asset-classification/data/processing/outfall/test/outfall_228.jpg,yes
/Users/henriwoodcock/Documents/Code/data_projects/automatic-asset-classification/data/processing/outfall/test/outfall_229.jpg,yes
/Users/henriwoodcock/Documents/Code/data_projects/automatic-asset-classification/data/processing/outfall/test/outfall_567.jpg,yes
/Users/henriwoodcock/Documents/Code/data_projects/automatic-asset-classification/data/processing/outfall/test/outfall_215.jpg,yes
/Users/henriwoodcock/Documents/Code/data_projects/automatic-asset-classification/data/processing/outfall/test/outfall_598.jpg,yes
/Users/henriwoodcock/Documents/Code/data_projects/automatic-asset-classification/data/processing/outfall/test/outfall_9.jpg,yes
/Users/henriwoodcock/Documents/Code/data_projects/automatic-asset-classification/data/processing/outfall/test/outfall_765.jpg,no
/Users/henriwoodcock/Documents/Code/data_projects/automatic-asset-classification/data/processing/outfall/test/outfall_771.jpg,yes
/Users/henriwoodcock/Documents/Code/data_projects/automatic-asset-classification/data/processing/outfall/test/outfall_20.jpg,yes
/Users/henriwoodcock/Documents/Code/data_projects/automatic-asset-classification/data/processing/outfall/test/outfall_34.jpg,yes
/Users/henriwoodcock/Documents/Code/data_projects/automatic-asset-classification/data/processing/outfall/test/outfall_177.jpg,yes
/Users/henriwoodcock/Documents/Code/data_projects/automatic-asset-classification/data/processing/outfall/test/outfall_611.jpg,yes
/Users/henriwoodcock/Documents/Code/data_projects/automatic-asset-classification/data/processing/outfall/test/outfall_605.jpg,yes
/Users/henriwoodcock/Documents/Code/data_projects/automatic-asset-classification/data/processing/outfall/test/outfall_163.jpg,yes
/Users/henriwoodcock/Documents/Code/data_projects/automatic-asset-classification/data/processing/outfall/test/outfall_188.jpg,yes
/Users/henriwoodcock/Documents/Code/data_projects/automatic-asset-classification/data/processing/outfall/test/outfall_349.jpg,yes
/Users/henriwoodcock/Documents/Code/data_projects/automatic-asset-classification/data/processing/outfall/test/outfall_375.jpg,yes
/Users/henriwoodcock/Documents/Code/data_projects/automatic-asset-classification/data/processing/outfall/test/outfall_361.jpg,yes
/Users/henriwoodcock/Documents/Code/data_projects/automatic-asset-classification/data/processing/outfall/test/outfall_407.jpg,yes
/Users/henriwoodcock/Documents/Code/data_projects/automatic-asset-classification/data/processing/outfall/test/outfall_388.jpg,yes
/Users/henriwoodcock/Documents/Code/data_projects/automatic-asset-classification/data/processing/outfall/test/outfall_377.jpg,no
/Users/henriwoodcock/Documents/Code/data_projects/automatic-asset-classification/data/processing/outfall/test/outfall_411.jpg,yes
/Users/henriwoodcock/Documents/Code/data_projects/automatic-asset-classification/data/processing/outfall/test/outfall_405.jpg,yes
/Users/henriwoodcock/Documents/Code/data_projects/automatic-asset-classification/data/processing/outfall/test/outfall_363.jpg,no
/Users/henriwoodcock/Documents/Code/data_projects/automatic-asset-classification/data/processing/outfall/test/outfall_439.jpg,yes
/Users/henriwoodcock/Documents/Code/data_projects/automatic-asset-classification/data/processing/outfall/test/outfall_613.jpg,yes
/Users/henriwoodcock/Documents/Code/data_projects/automatic-asset-classification/data/processing/outfall/test/outfall_175.jpg,no
/Users/henriwoodcock/Documents/Code/data_projects/automatic-asset-classification/data/processing/outfall/test/outfall_161.jpg,yes
/Users/henriwoodcock/Documents/Code/data_projects/automatic-asset-classification/data/processing/outfall/test/outfall_22.jpg,yes
/Users/henriwoodcock/Documents/Code/data_projects/automatic-asset-classification/data/processing/outfall/test/outfall_36.jpg,no
/Users/henriwoodcock/Documents/Code/data_projects/automatic-asset-classification/data/processing/outfall/test/outfall_798.jpg,yes
/Users/henriwoodcock/Documents/Code/data_projects/automatic-asset-classification/data/processing/outfall/test/outfall_773.jpg,yes
/Users/henriwoodcock/Documents/Code/data_projects/automatic-asset-classification/data/processing/outfall/test/outfall_203.jpg,yes
/Users/henriwoodcock/Documents/Code/data_projects/automatic-asset-classification/data/processing/outfall/test/outfall_565.jpg,yes
/Users/henriwoodcock/Documents/Code/data_projects/automatic-asset-classification/data/processing/outfall/test/outfall_571.jpg,yes
/Users/henriwoodcock/Documents/Code/data_projects/automatic-asset-classification/data/processing/outfall/test/outfall_217.jpg,yes
/Users/henriwoodcock/Documents/Code/data_projects/automatic-asset-classification/data/processing/outfall/test/outfall_559.jpg,yes
/Users/henriwoodcock/Documents/Code/data_projects/automatic-asset-classification/data/processing/outfall/test/outfall_558.jpg,yes
/Users/henriwoodcock/Documents/Code/data_projects/automatic-asset-classification/data/processing/outfall/test/outfall_570.jpg,yes
/Users/henriwoodcock/Documents/Code/data_projects/automatic-asset-classification/data/processing/outfall/test/outfall_216.jpg,no
/Users/henriwoodcock/Documents/Code/data_projects/automatic-asset-classification/data/processing/outfall/test/outfall_202.jpg,yes
/Users/henriwoodcock/Documents/Code/data_projects/automatic-asset-classification/data/processing/outfall/test/outfall_564.jpg,no
/Users/henriwoodcock/Documents/Code/data_projects/automatic-asset-classification/data/processing/outfall/test/outfall_772.jpg,yes
/Users/henriwoodcock/Documents/Code/data_projects/automatic-asset-classification/data/processing/outfall/test/outfall_766.jpg,yes
/Users/henriwoodcock/Documents/Code/data_projects/automatic-asset-classification/data/processing/outfall/test/outfall_799.jpg,yes
/Users/henriwoodcock/Documents/Code/data_projects/automatic-asset-classification/data/processing/outfall/test/outfall_37.jpg,yes
/Users/henriwoodcock/Documents/Code/data_projects/automatic-asset-classification/data/processing/outfall/test/outfall_23.jpg,yes
/Users/henriwoodcock/Documents/Code/data_projects/automatic-asset-classification/data/processing/outfall/test/outfall_148.jpg,yes
/Users/henriwoodcock/Documents/Code/data_projects/automatic-asset-classification/data/processing/outfall/test/outfall_160.jpg,no
/Users/henriwoodcock/Documents/Code/data_projects/automatic-asset-classification/data/processing/outfall/test/outfall_606.jpg,yes
/Users/henriwoodcock/Documents/Code/data_projects/automatic-asset-classification/data/processing/outfall/test/outfall_612.jpg,yes
/Users/henriwoodcock/Documents/Code/data_projects/automatic-asset-classification/data/processing/outfall/test/outfall_174.jpg,yes
/Users/henriwoodcock/Documents/Code/data_projects/automatic-asset-classification/data/processing/outfall/test/outfall_438.jpg,yes
/Users/henriwoodcock/Documents/Code/data_projects/automatic-asset-classification/data/processing/outfall/test/outfall_404.jpg,no
/Users/henriwoodcock/Documents/Code/data_projects/automatic-asset-classification/data/processing/outfall/test/outfall_362.jpg,yes
/Users/henriwoodcock/Documents/Code/data_projects/automatic-asset-classification/data/processing/outfall/test/outfall_376.jpg,yes
/Users/henriwoodcock/Documents/Code/data_projects/automatic-asset-classification/data/processing/outfall/test/outfall_410.jpg,no
/Users/henriwoodcock/Documents/Code/data_projects/automatic-asset-classification/data/processing/outfall/test/outfall_389.jpg,yes
/Users/henriwoodcock/Documents/Code/data_projects/automatic-asset-classification/data/processing/outfall/test/outfall_399.jpg,yes
/Users/henriwoodcock/Documents/Code/data_projects/automatic-asset-classification/data/processing/outfall/test/outfall_428.jpg,yes
/Users/henriwoodcock/Documents/Code/data_projects/automatic-asset-classification/data/processing/outfall/test/outfall_414.jpg,yes
/Users/henriwoodcock/Documents/Code/data_projects/automatic-asset-classification/data/processing/outfall/test/outfall_372.jpg,yes
/Users/henriwoodcock/Documents/Code/data_projects/automatic-asset-classification/data/processing/outfall/test/outfall_366.jpg,yes
/Users/henriwoodcock/Documents/Code/data_projects/automatic-asset-classification/data/processing/outfall/test/outfall_400.jpg,yes
/Users/henriwoodcock/Documents/Code/data_projects/automatic-asset-classification/data/processing/outfall/test/outfall_27.jpg,yes
/Users/henriwoodcock/Documents/Code/data_projects/automatic-asset-classification/data/processing/outfall/test/outfall_33.jpg,yes
/Users/henriwoodcock/Documents/Code/data_projects/automatic-asset-classification/data/processing/outfall/test/outfall_158.jpg,yes
/Users/henriwoodcock/Documents/Code/data_projects/automatic-asset-classification/data/processing/outfall/test/outfall_170.jpg,yes
/Users/henriwoodcock/Documents/Code/data_projects/automatic-asset-classification/data/processing/outfall/test/outfall_602.jpg,yes
/Users/henriwoodcock/Documents/Code/data_projects/automatic-asset-classification/data/processing/outfall/test/outfall_164.jpg,yes
/Users/henriwoodcock/Documents/Code/data_projects/automatic-asset-classification/data/processing/outfall/test/outfall_789.jpg,yes
/Users/henriwoodcock/Documents/Code/data_projects/automatic-asset-classification/data/processing/outfall/test/outfall_776.jpg,yes
/Users/henriwoodcock/Documents/Code/data_projects/automatic-asset-classification/data/processing/outfall/test/outfall_548.jpg,yes
/Users/henriwoodcock/Documents/Code/data_projects/automatic-asset-classification/data/processing/outfall/test/outfall_560.jpg,no
/Users/henriwoodcock/Documents/Code/data_projects/automatic-asset-classification/data/processing/outfall/test/outfall_212.jpg,yes
/Users/henriwoodcock/Documents/Code/data_projects/automatic-asset-classification/data/processing/outfall/test/outfall_574.jpg,yes
/Users/henriwoodcock/Documents/Code/data_projects/automatic-asset-classification/data/processing/outfall/test/outfall_213.jpg,yes
/Users/henriwoodcock/Documents/Code/data_projects/automatic-asset-classification/data/processing/outfall/test/outfall_575.jpg,no
/Users/henriwoodcock/Documents/Code/data_projects/automatic-asset-classification/data/processing/outfall/test/outfall_561.jpg,yes
/Users/henriwoodcock/Documents/Code/data_projects/automatic-asset-classification/data/processing/outfall/test/outfall_207.jpg,no
/Users/henriwoodcock/Documents/Code/data_projects/automatic-asset-classification/data/processing/outfall/test/outfall_549.jpg,yes
/Users/henriwoodcock/Documents/Code/data_projects/automatic-asset-classification/data/processing/outfall/test/outfall_777.jpg,yes
/Users/henriwoodcock/Documents/Code/data_projects/automatic-asset-classification/data/processing/outfall/test/outfall_763.jpg,no
/Users/henriwoodcock/Documents/Code/data_projects/automatic-asset-classification/data/processing/outfall/test/outfall_165.jpg,yes
/Users/henriwoodcock/Documents/Code/data_projects/automatic-asset-classification/data/processing/outfall/test/outfall_171.jpg,yes
/Users/henriwoodcock/Documents/Code/data_projects/automatic-asset-classification/data/processing/outfall/test/outfall_617.jpg,yes
/Users/henriwoodcock/Documents/Code/data_projects/automatic-asset-classification/data/processing/outfall/test/outfall_159.jpg,yes
/Users/henriwoodcock/Documents/Code/data_projects/automatic-asset-classification/data/processing/outfall/test/outfall_26.jpg,yes
/Users/henriwoodcock/Documents/Code/data_projects/automatic-asset-classification/data/processing/outfall/test/outfall_367.jpg,yes
/Users/henriwoodcock/Documents/Code/data_projects/automatic-asset-classification/data/processing/outfall/test/outfall_401.jpg,yes
/Users/henriwoodcock/Documents/Code/data_projects/automatic-asset-classification/data/processing/outfall/test/outfall_415.jpg,yes
/Users/henriwoodcock/Documents/Code/data_projects/automatic-asset-classification/data/processing/outfall/test/outfall_429.jpg,yes
/Users/henriwoodcock/Documents/Code/data_projects/automatic-asset-classification/data/processing/outfall/test/outfall_398.jpg,yes
/Users/henriwoodcock/Documents/Code/data_projects/automatic-asset-classification/data/processing/outfall/test/outfall_359.jpg,yes
/Users/henriwoodcock/Documents/Code/data_projects/automatic-asset-classification/data/processing/outfall/test/outfall_403.jpg,yes
/Users/henriwoodcock/Documents/Code/data_projects/automatic-asset-classification/data/processing/outfall/test/outfall_371.jpg,yes
/Users/henriwoodcock/Documents/Code/data_projects/automatic-asset-classification/data/processing/outfall/test/outfall_417.jpg,yes
/Users/henriwoodcock/Documents/Code/data_projects/automatic-asset-classification/data/processing/outfall/test/outfall_198.jpg,yes
/Users/henriwoodcock/Documents/Code/data_projects/automatic-asset-classification/data/processing/outfall/test/outfall_30.jpg,yes
/Users/henriwoodcock/Documents/Code/data_projects/automatic-asset-classification/data/processing/outfall/test/outfall_629.jpg,yes
/Users/henriwoodcock/Documents/Code/data_projects/automatic-asset-classification/data/processing/outfall/test/outfall_24.jpg,yes
/Users/henriwoodcock/Documents/Code/data_projects/automatic-asset-classification/data/processing/outfall/test/outfall_167.jpg,yes
/Users/henriwoodcock/Documents/Code/data_projects/automatic-asset-classification/data/processing/outfall/test/outfall_601.jpg,no
/Users/henriwoodcock/Documents/Code/data_projects/automatic-asset-classification/data/processing/outfall/test/outfall_615.jpg,yes
/Users/henriwoodcock/Documents/Code/data_projects/automatic-asset-classification/data/processing/outfall/test/outfall_173.jpg,yes
/Users/henriwoodcock/Documents/Code/data_projects/automatic-asset-classification/data/processing/outfall/test/outfall_749.jpg,yes
/Users/henriwoodcock/Documents/Code/data_projects/automatic-asset-classification/data/processing/outfall/test/outfall_775.jpg,yes
/Users/henriwoodcock/Documents/Code/data_projects/automatic-asset-classification/data/processing/outfall/test/outfall_761.jpg,yes
/Users/henriwoodcock/Documents/Code/data_projects/automatic-asset-classification/data/processing/outfall/test/outfall_588.jpg,yes
/Users/henriwoodcock/Documents/Code/data_projects/automatic-asset-classification/data/processing/outfall/test/outfall_239.jpg,yes
/Users/henriwoodcock/Documents/Code/data_projects/automatic-asset-classification/data/processing/outfall/test/outfall_577.jpg,yes
/Users/henriwoodcock/Documents/Code/data_projects/automatic-asset-classification/data/processing/outfall/test/outfall_211.jpg,yes
/Users/henriwoodcock/Documents/Code/data_projects/automatic-asset-classification/data/processing/outfall/test/outfall_563.jpg,no
/Users/henriwoodcock/Documents/Code/data_projects/automatic-asset-classification/data/processing/outfall/test/outfall_204.jpg,yes
/Users/henriwoodcock/Documents/Code/data_projects/automatic-asset-classification/data/processing/outfall/test/outfall_562.jpg,yes
/Users/henriwoodcock/Documents/Code/data_projects/automatic-asset-classification/data/processing/outfall/test/outfall_576.jpg,yes
/Users/henriwoodcock/Documents/Code/data_projects/automatic-asset-classification/data/processing/outfall/test/outfall_210.jpg,yes
/Users/henriwoodcock/Documents/Code/data_projects/automatic-asset-classification/data/processing/outfall/test/outfall_238.jpg,no
/Users/henriwoodcock/Documents/Code/data_projects/automatic-asset-classification/data/processing/outfall/test/outfall_589.jpg,yes
/Users/henriwoodcock/Documents/Code/data_projects/automatic-asset-classification/data/processing/outfall/test/outfall_760.jpg,yes
/Users/henriwoodcock/Documents/Code/data_projects/automatic-asset-classification/data/processing/outfall/test/outfall_774.jpg,yes
/Users/henriwoodcock/Documents/Code/data_projects/automatic-asset-classification/data/processing/outfall/test/outfall_748.jpg,yes
/Users/henriwoodcock/Documents/Code/data_projects/automatic-asset-classification/data/processing/outfall/test/outfall_614.jpg,yes
/Users/henriwoodcock/Documents/Code/data_projects/automatic-asset-classification/data/processing/outfall/test/outfall_19.jpg,yes
/Users/henriwoodcock/Documents/Code/data_projects/automatic-asset-classification/data/processing/outfall/test/outfall_172.jpg,yes
/Users/henriwoodcock/Documents/Code/data_projects/automatic-asset-classification/data/processing/outfall/test/outfall_166.jpg,yes
/Users/henriwoodcock/Documents/Code/data_projects/automatic-asset-classification/data/processing/outfall/test/outfall_600.jpg,yes
/Users/henriwoodcock/Documents/Code/data_projects/automatic-asset-classification/data/processing/outfall/test/outfall_25.jpg,no
/Users/henriwoodcock/Documents/Code/data_projects/automatic-asset-classification/data/processing/outfall/test/outfall_628.jpg,no
/Users/henriwoodcock/Documents/Code/data_projects/automatic-asset-classification/data/processing/outfall/test/outfall_31.jpg,yes
/Users/henriwoodcock/Documents/Code/data_projects/automatic-asset-classification/data/processing/outfall/test/outfall_199.jpg,yes
/Users/henriwoodcock/Documents/Code/data_projects/automatic-asset-classification/data/processing/outfall/test/outfall_370.jpg,yes
/Users/henriwoodcock/Documents/Code/data_projects/automatic-asset-classification/data/processing/outfall/test/outfall_416.jpg,no
/Users/henriwoodcock/Documents/Code/data_projects/automatic-asset-classification/data/processing/outfall/test/outfall_402.jpg,yes
/Users/henriwoodcock/Documents/Code/data_projects/automatic-asset-classification/data/processing/outfall/test/outfall_364.jpg,yes
/Users/henriwoodcock/Documents/Code/data_projects/automatic-asset-classification/data/processing/outfall/test/outfall_358.jpg,yes
/Users/henriwoodcock/Documents/Code/data_projects/automatic-asset-classification/data/processing/outfall/test/outfall_382.jpg,yes
/Users/henriwoodcock/Documents/Code/data_projects/automatic-asset-classification/data/processing/outfall/test/outfall_396.jpg,yes
/Users/henriwoodcock/Documents/Code/data_projects/automatic-asset-classification/data/processing/outfall/test/outfall_341.jpg,yes
/Users/henriwoodcock/Documents/Code/data_projects/automatic-asset-classification/data/processing/outfall/test/outfall_427.jpg,no
/Users/henriwoodcock/Documents/Code/data_projects/automatic-asset-classification/data/processing/outfall/test/outfall_433.jpg,no
/Users/henriwoodcock/Documents/Code/data_projects/automatic-asset-classification/data/processing/outfall/test/outfall_355.jpg,no
/Users/henriwoodcock/Documents/Code/data_projects/automatic-asset-classification/data/processing/outfall/test/outfall_369.jpg,yes
/Users/henriwoodcock/Documents/Code/data_projects/automatic-asset-classification/data/processing/outfall/test/outfall_180.jpg,no
/Users/henriwoodcock/Documents/Code/data_projects/automatic-asset-classification/data/processing/outfall/test/outfall_802.jpg,yes
/Users/henriwoodcock/Documents/Code/data_projects/automatic-asset-classification/data/processing/outfall/test/outfall_28.jpg,yes
/Users/henriwoodcock/Documents/Code/data_projects/automatic-asset-classification/data/processing/outfall/test/outfall_625.jpg,no
/Users/henriwoodcock/Documents/Code/data_projects/automatic-asset-classification/data/processing/outfall/test/outfall_143.jpg,yes
/Users/henriwoodcock/Documents/Code/data_projects/automatic-asset-classification/data/processing/outfall/test/outfall_157.jpg,yes
/Users/henriwoodcock/Documents/Code/data_projects/automatic-asset-classification/data/processing/outfall/test/outfall_631.jpg,yes
/Users/henriwoodcock/Documents/Code/data_projects/automatic-asset-classification/data/processing/outfall/test/outfall_619.jpg,yes
/Users/henriwoodcock/Documents/Code/data_projects/automatic-asset-classification/data/processing/outfall/test/outfall_14.jpg,no
/Users/henriwoodcock/Documents/Code/data_projects/automatic-asset-classification/data/processing/outfall/test/outfall_792.jpg,yes
/Users/henriwoodcock/Documents/Code/data_projects/automatic-asset-classification/data/processing/outfall/test/outfall_786.jpg,yes
/Users/henriwoodcock/Documents/Code/data_projects/automatic-asset-classification/data/processing/outfall/test/outfall_751.jpg,yes
/Users/henriwoodcock/Documents/Code/data_projects/automatic-asset-classification/data/processing/outfall/test/outfall_745.jpg,yes
/Users/henriwoodcock/Documents/Code/data_projects/automatic-asset-classification/data/processing/outfall/test/outfall_779.jpg,yes
/Users/henriwoodcock/Documents/Code/data_projects/automatic-asset-classification/data/processing/outfall/test/outfall_590.jpg,yes
/Users/henriwoodcock/Documents/Code/data_projects/automatic-asset-classification/data/processing/outfall/test/outfall_584.jpg,yes
/Users/henriwoodcock/Documents/Code/data_projects/automatic-asset-classification/data/processing/outfall/test/outfall_1.jpg,yes
/Users/henriwoodcock/Documents/Code/data_projects/automatic-asset-classification/data/processing/outfall/test/outfall_235.jpg,no
/Users/henriwoodcock/Documents/Code/data_projects/automatic-asset-classification/data/processing/outfall/test/outfall_547.jpg,no
/Users/henriwoodcock/Documents/Code/data_projects/automatic-asset-classification/data/processing/outfall/test/outfall_221.jpg,no
/Users/henriwoodcock/Documents/Code/data_projects/automatic-asset-classification/data/processing/outfall/test/outfall_209.jpg,yes
/Users/henriwoodcock/Documents/Code/data_projects/automatic-asset-classification/data/processing/outfall/test/outfall_208.jpg,yes
/Users/henriwoodcock/Documents/Code/data_projects/automatic-asset-classification/data/processing/outfall/test/outfall_546.jpg,yes
/Users/henriwoodcock/Documents/Code/data_projects/automatic-asset-classification/data/processing/outfall/test/outfall_220.jpg,yes
/Users/henriwoodcock/Documents/Code/data_projects/automatic-asset-classification/data/processing/outfall/test/outfall_234.jpg,yes
/Users/henriwoodcock/Documents/Code/data_projects/automatic-asset-classification/data/processing/outfall/test/outfall_552.jpg,yes
/Users/henriwoodcock/Documents/Code/data_projects/automatic-asset-classification/data/processing/outfall/test/outfall_585.jpg,yes
/Users/henriwoodcock/Documents/Code/data_projects/automatic-asset-classification/data/processing/outfall/test/outfall_591.jpg,yes
/Users/henriwoodcock/Documents/Code/data_projects/automatic-asset-classification/data/processing/outfall/test/outfall_778.jpg,yes
/Users/henriwoodcock/Documents/Code/data_projects/automatic-asset-classification/data/processing/outfall/test/outfall_750.jpg,no
/Users/henriwoodcock/Documents/Code/data_projects/automatic-asset-classification/data/processing/outfall/test/outfall_787.jpg,yes
/Users/henriwoodcock/Documents/Code/data_projects/automatic-asset-classification/data/processing/outfall/test/outfall_793.jpg,yes
/Users/henriwoodcock/Documents/Code/data_projects/automatic-asset-classification/data/processing/outfall/test/outfall_618.jpg,no
/Users/henriwoodcock/Documents/Code/data_projects/automatic-asset-classification/data/processing/outfall/test/outfall_156.jpg,yes
/Users/henriwoodcock/Documents/Code/data_projects/automatic-asset-classification/data/processing/outfall/test/outfall_630.jpg,yes
/Users/henriwoodcock/Documents/Code/data_projects/automatic-asset-classification/data/processing/outfall/test/outfall_624.jpg,yes
/Users/henriwoodcock/Documents/Code/data_projects/automatic-asset-classification/data/processing/outfall/test/outfall_29.jpg,yes
/Users/henriwoodcock/Documents/Code/data_projects/automatic-asset-classification/data/processing/outfall/test/outfall_142.jpg,yes
/Users/henriwoodcock/Documents/Code/data_projects/automatic-asset-classification/data/processing/outfall/test/outfall_195.jpg,yes
/Users/henriwoodcock/Documents/Code/data_projects/automatic-asset-classification/data/processing/outfall/test/outfall_181.jpg,yes
/Users/henriwoodcock/Documents/Code/data_projects/automatic-asset-classification/data/processing/outfall/test/outfall_368.jpg,yes
/Users/henriwoodcock/Documents/Code/data_projects/automatic-asset-classification/data/processing/outfall/test/outfall_432.jpg,yes
/Users/henriwoodcock/Documents/Code/data_projects/automatic-asset-classification/data/processing/outfall/test/outfall_354.jpg,no
/Users/henriwoodcock/Documents/Code/data_projects/automatic-asset-classification/data/processing/outfall/test/outfall_340.jpg,yes
/Users/henriwoodcock/Documents/Code/data_projects/automatic-asset-classification/data/processing/outfall/test/outfall_426.jpg,yes
/Users/henriwoodcock/Documents/Code/data_projects/automatic-asset-classification/data/processing/outfall/test/outfall_383.jpg,yes
/Users/henriwoodcock/Documents/Code/data_projects/automatic-asset-classification/data/processing/outfall/test/outfall_395.jpg,yes
/Users/henriwoodcock/Documents/Code/data_projects/automatic-asset-classification/data/processing/outfall/test/outfall_381.jpg,yes
/Users/henriwoodcock/Documents/Code/data_projects/automatic-asset-classification/data/processing/outfall/test/outfall_356.jpg,yes
/Users/henriwoodcock/Documents/Code/data_projects/automatic-asset-classification/data/processing/outfall/test/outfall_430.jpg,yes
/Users/henriwoodcock/Documents/Code/data_projects/automatic-asset-classification/data/processing/outfall/test/outfall_424.jpg,yes
/Users/henriwoodcock/Documents/Code/data_projects/automatic-asset-classification/data/processing/outfall/test/outfall_342.jpg,yes
/Users/henriwoodcock/Documents/Code/data_projects/automatic-asset-classification/data/processing/outfall/test/outfall_418.jpg,no
/Users/henriwoodcock/Documents/Code/data_projects/automatic-asset-classification/data/processing/outfall/test/outfall_197.jpg,yes
/Users/henriwoodcock/Documents/Code/data_projects/automatic-asset-classification/data/processing/outfall/test/outfall_183.jpg,yes
/Users/henriwoodcock/Documents/Code/data_projects/automatic-asset-classification/data/processing/outfall/test/outfall_801.jpg,yes
/Users/henriwoodcock/Documents/Code/data_projects/automatic-asset-classification/data/processing/outfall/test/outfall_632.jpg,yes
/Users/henriwoodcock/Documents/Code/data_projects/automatic-asset-classification/data/processing/outfall/test/outfall_154.jpg,yes
/Users/henriwoodcock/Documents/Code/data_projects/automatic-asset-classification/data/processing/outfall/test/outfall_140.jpg,yes
/Users/henriwoodcock/Documents/Code/data_projects/automatic-asset-classification/data/processing/outfall/test/outfall_626.jpg,no
/Users/henriwoodcock/Documents/Code/data_projects/automatic-asset-classification/data/processing/outfall/test/outfall_168.jpg,yes
/Users/henriwoodcock/Documents/Code/data_projects/automatic-asset-classification/data/processing/outfall/test/outfall_17.jpg,yes
/Users/henriwoodcock/Documents/Code/data_projects/automatic-asset-classification/data/processing/outfall/test/outfall_785.jpg,yes
/Users/henriwoodcock/Documents/Code/data_projects/automatic-asset-classification/data/processing/outfall/test/outfall_791.jpg,yes
/Users/henriwoodcock/Documents/Code/data_projects/automatic-asset-classification/data/processing/outfall/test/outfall_746.jpg,yes
/Users/henriwoodcock/Documents/Code/data_projects/automatic-asset-classification/data/processing/outfall/test/outfall_752.jpg,yes
/Users/henriwoodcock/Documents/Code/data_projects/automatic-asset-classification/data/processing/outfall/test/outfall_587.jpg,yes
/Users/henriwoodcock/Documents/Code/data_projects/automatic-asset-classification/data/processing/outfall/test/outfall_593.jpg,yes
/Users/henriwoodcock/Documents/Code/data_projects/automatic-asset-classification/data/processing/outfall/test/outfall_2.jpg,yes
/Users/henriwoodcock/Documents/Code/data_projects/automatic-asset-classification/data/processing/outfall/test/outfall_222.jpg,yes
/Users/henriwoodcock/Documents/Code/data_projects/automatic-asset-classification/data/processing/outfall/test/outfall_544.jpg,yes
/Users/henriwoodcock/Documents/Code/data_projects/automatic-asset-classification/data/processing/outfall/test/outfall_550.jpg,yes
/Users/henriwoodcock/Documents/Code/data_projects/automatic-asset-classification/data/processing/outfall/test/outfall_236.jpg,no
/Users/henriwoodcock/Documents/Code/data_projects/automatic-asset-classification/data/processing/outfall/test/outfall_578.jpg,yes
/Users/henriwoodcock/Documents/Code/data_projects/automatic-asset-classification/data/processing/outfall/test/outfall_579.jpg,no
/Users/henriwoodcock/Documents/Code/data_projects/automatic-asset-classification/data/processing/outfall/test/outfall_551.jpg,yes
/Users/henriwoodcock/Documents/Code/data_projects/automatic-asset-classification/data/processing/outfall/test/outfall_237.jpg,yes
/Users/henriwoodcock/Documents/Code/data_projects/automatic-asset-classification/data/processing/outfall/test/outfall_223.jpg,yes
/Users/henriwoodcock/Documents/Code/data_projects/automatic-asset-classification/data/processing/outfall/test/outfall_3.jpg,yes
/Users/henriwoodcock/Documents/Code/data_projects/automatic-asset-classification/data/processing/outfall/test/outfall_592.jpg,yes
/Users/henriwoodcock/Documents/Code/data_projects/automatic-asset-classification/data/processing/outfall/test/outfall_586.jpg,no
/Users/henriwoodcock/Documents/Code/data_projects/automatic-asset-classification/data/processing/outfall/test/outfall_753.jpg,yes
/Users/henriwoodcock/Documents/Code/data_projects/automatic-asset-classification/data/processing/outfall/test/outfall_747.jpg,yes
/Users/henriwoodcock/Documents/Code/data_projects/automatic-asset-classification/data/processing/outfall/test/outfall_790.jpg,no
/Users/henriwoodcock/Documents/Code/data_projects/automatic-asset-classification/data/processing/outfall/test/outfall_784.jpg,yes
/Users/henriwoodcock/Documents/Code/data_projects/automatic-asset-classification/data/processing/outfall/test/outfall_16.jpg,yes
/Users/henriwoodcock/Documents/Code/data_projects/automatic-asset-classification/data/processing/outfall/test/outfall_169.jpg,yes
/Users/henriwoodcock/Documents/Code/data_projects/automatic-asset-classification/data/processing/outfall/test/outfall_141.jpg,no
/Users/henriwoodcock/Documents/Code/data_projects/automatic-asset-classification/data/processing/outfall/test/outfall_627.jpg,yes
/Users/henriwoodcock/Documents/Code/data_projects/automatic-asset-classification/data/processing/outfall/test/outfall_633.jpg,yes
/Users/henriwoodcock/Documents/Code/data_projects/automatic-asset-classification/data/processing/outfall/test/outfall_155.jpg,yes
/Users/henriwoodcock/Documents/Code/data_projects/automatic-asset-classification/data/processing/outfall/test/outfall_800.jpg,no
/Users/henriwoodcock/Documents/Code/data_projects/automatic-asset-classification/data/processing/outfall/test/outfall_196.jpg,yes
/Users/henriwoodcock/Documents/Code/data_projects/automatic-asset-classification/data/processing/outfall/test/outfall_425.jpg,yes
/Users/henriwoodcock/Documents/Code/data_projects/automatic-asset-classification/data/processing/outfall/test/outfall_343.jpg,no
/Users/henriwoodcock/Documents/Code/data_projects/automatic-asset-classification/data/processing/outfall/test/outfall_357.jpg,no
/Users/henriwoodcock/Documents/Code/data_projects/automatic-asset-classification/data/processing/outfall/test/outfall_431.jpg,yes
/Users/henriwoodcock/Documents/Code/data_projects/automatic-asset-classification/data/processing/outfall/test/outfall_380.jpg,yes
/Users/henriwoodcock/Documents/Code/data_projects/automatic-asset-classification/data/processing/outfall/test/outfall_394.jpg,yes
/Users/henriwoodcock/Documents/Code/data_projects/automatic-asset-classification/data/processing/outfall/test/outfall_390.jpg,yes
/Users/henriwoodcock/Documents/Code/data_projects/automatic-asset-classification/data/processing/outfall/test/outfall_384.jpg,yes
/Users/henriwoodcock/Documents/Code/data_projects/automatic-asset-classification/data/processing/outfall/test/outfall_409.jpg,yes
/Users/henriwoodcock/Documents/Code/data_projects/automatic-asset-classification/data/processing/outfall/test/outfall_435.jpg,yes
/Users/henriwoodcock/Documents/Code/data_projects/automatic-asset-classification/data/processing/outfall/test/outfall_353.jpg,yes
/Users/henriwoodcock/Documents/Code/data_projects/automatic-asset-classification/data/processing/outfall/test/outfall_347.jpg,yes
/Users/henriwoodcock/Documents/Code/data_projects/automatic-asset-classification/data/processing/outfall/test/outfall_421.jpg,no
/Users/henriwoodcock/Documents/Code/data_projects/automatic-asset-classification/data/processing/outfall/test/outfall_804.jpg,yes
/Users/henriwoodcock/Documents/Code/data_projects/automatic-asset-classification/data/processing/outfall/test/outfall_192.jpg,yes
/Users/henriwoodcock/Documents/Code/data_projects/automatic-asset-classification/data/processing/outfall/test/outfall_186.jpg,yes
/Users/henriwoodcock/Documents/Code/data_projects/automatic-asset-classification/data/processing/outfall/test/outfall_179.jpg,yes
/Users/henriwoodcock/Documents/Code/data_projects/automatic-asset-classification/data/processing/outfall/test/outfall_151.jpg,yes
/Users/henriwoodcock/Documents/Code/data_projects/automatic-asset-classification/data/processing/outfall/test/outfall_637.jpg,yes
/Users/henriwoodcock/Documents/Code/data_projects/automatic-asset-classification/data/processing/outfall/test/outfall_623.jpg,yes
/Users/henriwoodcock/Documents/Code/data_projects/automatic-asset-classification/data/processing/outfall/test/outfall_145.jpg,yes
/Users/henriwoodcock/Documents/Code/data_projects/automatic-asset-classification/data/processing/outfall/test/outfall_780.jpg,yes
/Users/henriwoodcock/Documents/Code/data_projects/automatic-asset-classification/data/processing/outfall/test/outfall_794.jpg,yes
/Users/henriwoodcock/Documents/Code/data_projects/automatic-asset-classification/data/processing/outfall/test/outfall_7.jpg,yes
/Users/henriwoodcock/Documents/Code/data_projects/automatic-asset-classification/data/processing/outfall/test/outfall_582.jpg,yes
/Users/henriwoodcock/Documents/Code/data_projects/automatic-asset-classification/data/processing/outfall/test/outfall_596.jpg,yes
/Users/henriwoodcock/Documents/Code/data_projects/automatic-asset-classification/data/processing/outfall/test/outfall_541.jpg,yes
/Users/henriwoodcock/Documents/Code/data_projects/automatic-asset-classification/data/processing/outfall/test/outfall_227.jpg,yes
/Users/henriwoodcock/Documents/Code/data_projects/automatic-asset-classification/data/processing/outfall/test/outfall_233.jpg,yes
/Users/henriwoodcock/Documents/Code/data_projects/automatic-asset-classification/data/processing/outfall/test/outfall_555.jpg,yes
/Users/henriwoodcock/Documents/Code/data_projects/automatic-asset-classification/data/processing/outfall/test/outfall_232.jpg,yes
/Users/henriwoodcock/Documents/Code/data_projects/automatic-asset-classification/data/processing/outfall/test/outfall_554.jpg,no
/Users/henriwoodcock/Documents/Code/data_projects/automatic-asset-classification/data/processing/outfall/test/outfall_540.jpg,yes
/Users/henriwoodcock/Documents/Code/data_projects/automatic-asset-classification/data/processing/outfall/test/outfall_226.jpg,no
/Users/henriwoodcock/Documents/Code/data_projects/automatic-asset-classification/data/processing/outfall/test/outfall_583.jpg,yes
/Users/henriwoodcock/Documents/Code/data_projects/automatic-asset-classification/data/processing/outfall/test/outfall_6.jpg,yes
/Users/henriwoodcock/Documents/Code/data_projects/automatic-asset-classification/data/processing/outfall/test/outfall_756.jpg,no
/Users/henriwoodcock/Documents/Code/data_projects/automatic-asset-classification/data/processing/outfall/test/outfall_742.jpg,yes
/Users/henriwoodcock/Documents/Code/data_projects/automatic-asset-classification/data/processing/outfall/test/outfall_795.jpg,no
/Users/henriwoodcock/Documents/Code/data_projects/automatic-asset-classification/data/processing/outfall/test/outfall_781.jpg,yes
/Users/henriwoodcock/Documents/Code/data_projects/automatic-asset-classification/data/processing/outfall/test/outfall_622.jpg,yes
/Users/henriwoodcock/Documents/Code/data_projects/automatic-asset-classification/data/processing/outfall/test/outfall_144.jpg,yes
/Users/henriwoodcock/Documents/Code/data_projects/automatic-asset-classification/data/processing/outfall/test/outfall_150.jpg,yes
/Users/henriwoodcock/Documents/Code/data_projects/automatic-asset-classification/data/processing/outfall/test/outfall_636.jpg,yes
/Users/henriwoodcock/Documents/Code/data_projects/automatic-asset-classification/data/processing/outfall/test/outfall_13.jpg,yes
/Users/henriwoodcock/Documents/Code/data_projects/automatic-asset-classification/data/processing/outfall/test/outfall_178.jpg,yes
/Users/henriwoodcock/Documents/Code/data_projects/automatic-asset-classification/data/processing/outfall/test/outfall_805.jpg,yes
/Users/henriwoodcock/Documents/Code/data_projects/automatic-asset-classification/data/processing/outfall/test/outfall_346.jpg,yes
/Users/henriwoodcock/Documents/Code/data_projects/automatic-asset-classification/data/processing/outfall/test/outfall_434.jpg,no
/Users/henriwoodcock/Documents/Code/data_projects/automatic-asset-classification/data/processing/outfall/test/outfall_352.jpg,yes
/Users/henriwoodcock/Documents/Code/data_projects/automatic-asset-classification/data/processing/outfall/test/outfall_408.jpg,no
/Users/henriwoodcock/Documents/Code/data_projects/automatic-asset-classification/data/processing/outfall/test/outfall_385.jpg,yes
/Users/henriwoodcock/Documents/Code/data_projects/automatic-asset-classification/data/processing/outfall/test/outfall_391.jpg,yes
/Users/henriwoodcock/Documents/Code/data_projects/automatic-asset-classification/data/processing/outfall/test/outfall_387.jpg,yes
/Users/henriwoodcock/Documents/Code/data_projects/automatic-asset-classification/data/processing/outfall/test/outfall_393.jpg,yes
/Users/henriwoodcock/Documents/Code/data_projects/automatic-asset-classification/data/processing/outfall/test/outfall_378.jpg,yes
/Users/henriwoodcock/Documents/Code/data_projects/automatic-asset-classification/data/processing/outfall/test/outfall_422.jpg,yes
/Users/henriwoodcock/Documents/Code/data_projects/automatic-asset-classification/data/processing/outfall/test/outfall_350.jpg,yes
/Users/henriwoodcock/Documents/Code/data_projects/automatic-asset-classification/data/processing/outfall/test/outfall_185.jpg,yes
/Users/henriwoodcock/Documents/Code/data_projects/automatic-asset-classification/data/processing/outfall/test/outfall_191.jpg,yes
/Users/henriwoodcock/Documents/Code/data_projects/automatic-asset-classification/data/processing/outfall/test/outfall_11.jpg,yes
/Users/henriwoodcock/Documents/Code/data_projects/automatic-asset-classification/data/processing/outfall/test/outfall_608.jpg,no
/Users/henriwoodcock/Documents/Code/data_projects/automatic-asset-classification/data/processing/outfall/test/outfall_146.jpg,no
/Users/henriwoodcock/Documents/Code/data_projects/automatic-asset-classification/data/processing/outfall/test/outfall_620.jpg,yes
/Users/henriwoodcock/Documents/Code/data_projects/automatic-asset-classification/data/processing/outfall/test/outfall_39.jpg,yes
/Users/henriwoodcock/Documents/Code/data_projects/automatic-asset-classification/data/processing/outfall/test/outfall_634.jpg,yes
/Users/henriwoodcock/Documents/Code/data_projects/automatic-asset-classification/data/processing/outfall/test/outfall_152.jpg,no
/Users/henriwoodcock/Documents/Code/data_projects/automatic-asset-classification/data/processing/outfall/test/outfall_797.jpg,yes
/Users/henriwoodcock/Documents/Code/data_projects/automatic-asset-classification/data/processing/outfall/test/outfall_783.jpg,yes
/Users/henriwoodcock/Documents/Code/data_projects/automatic-asset-classification/data/processing/outfall/test/outfall_768.jpg,yes
/Users/henriwoodcock/Documents/Code/data_projects/automatic-asset-classification/data/processing/outfall/test/outfall_740.jpg,yes
/Users/henriwoodcock/Documents/Code/data_projects/automatic-asset-classification/data/processing/outfall/test/outfall_4.jpg,yes
/Users/henriwoodcock/Documents/Code/data_projects/automatic-asset-classification/data/processing/outfall/test/outfall_595.jpg,yes
/Users/henriwoodcock/Documents/Code/data_projects/automatic-asset-classification/data/processing/outfall/test/outfall_581.jpg,yes
/Users/henriwoodcock/Documents/Code/data_projects/automatic-asset-classification/data/processing/outfall/test/outfall_218.jpg,yes
/Users/henriwoodcock/Documents/Code/data_projects/automatic-asset-classification/data/processing/outfall/test/outfall_230.jpg,yes
/Users/henriwoodcock/Documents/Code/data_projects/automatic-asset-classification/data/processing/outfall/test/outfall_224.jpg,yes
/Users/henriwoodcock/Documents/Code/data_projects/automatic-asset-classification/data/processing/outfall/test/outfall_542.jpg,yes
/Users/henriwoodcock/Documents/Code/data_projects/automatic-asset-classification/data/processing/outfall/test/outfall_543.jpg,yes
/Users/henriwoodcock/Documents/Code/data_projects/automatic-asset-classification/data/processing/outfall/test/outfall_557.jpg,yes
/Users/henriwoodcock/Documents/Code/data_projects/automatic-asset-classification/data/processing/outfall/test/outfall_231.jpg,no
/Users/henriwoodcock/Documents/Code/data_projects/automatic-asset-classification/data/processing/outfall/test/outfall_219.jpg,yes
/Users/henriwoodcock/Documents/Code/data_projects/automatic-asset-classification/data/processing/outfall/test/outfall_580.jpg,yes
/Users/henriwoodcock/Documents/Code/data_projects/automatic-asset-classification/data/processing/outfall/test/outfall_594.jpg,yes
/Users/henriwoodcock/Documents/Code/data_projects/automatic-asset-classification/data/processing/outfall/test/outfall_5.jpg,no
/Users/henriwoodcock/Documents/Code/data_projects/automatic-asset-classification/data/processing/outfall/test/outfall_741.jpg,yes
/Users/henriwoodcock/Documents/Code/data_projects/automatic-asset-classification/data/processing/outfall/test/outfall_755.jpg,yes
/Users/henriwoodcock/Documents/Code/data_projects/automatic-asset-classification/data/processing/outfall/test/outfall_769.jpg,yes
/Users/henriwoodcock/Documents/Code/data_projects/automatic-asset-classification/data/processing/outfall/test/outfall_782.jpg,yes
/Users/henriwoodcock/Documents/Code/data_projects/automatic-asset-classification/data/processing/outfall/test/outfall_796.jpg,yes
/Users/henriwoodcock/Documents/Code/data_projects/automatic-asset-classification/data/processing/outfall/test/outfall_635.jpg,yes
/Users/henriwoodcock/Documents/Code/data_projects/automatic-asset-classification/data/processing/outfall/test/outfall_38.jpg,yes
/Users/henriwoodcock/Documents/Code/data_projects/automatic-asset-classification/data/processing/outfall/test/outfall_153.jpg,yes
/Users/henriwoodcock/Documents/Code/data_projects/automatic-asset-classification/data/processing/outfall/test/outfall_147.jpg,yes
/Users/henriwoodcock/Documents/Code/data_projects/automatic-asset-classification/data/processing/outfall/test/outfall_621.jpg,yes
/Users/henriwoodcock/Documents/Code/data_projects/automatic-asset-classification/data/processing/outfall/test/outfall_609.jpg,yes
/Users/henriwoodcock/Documents/Code/data_projects/automatic-asset-classification/data/processing/outfall/test/outfall_10.jpg,yes
/Users/henriwoodcock/Documents/Code/data_projects/automatic-asset-classification/data/processing/outfall/test/outfall_190.jpg,yes
/Users/henriwoodcock/Documents/Code/data_projects/automatic-asset-classification/data/processing/outfall/test/outfall_184.jpg,yes
/Users/henriwoodcock/Documents/Code/data_projects/automatic-asset-classification/data/processing/outfall/test/outfall_437.jpg,yes
/Users/henriwoodcock/Documents/Code/data_projects/automatic-asset-classification/data/processing/outfall/test/outfall_423.jpg,yes
/Users/henriwoodcock/Documents/Code/data_projects/automatic-asset-classification/data/processing/outfall/test/outfall_345.jpg,yes
/Users/henriwoodcock/Documents/Code/data_projects/automatic-asset-classification/data/processing/outfall/test/outfall_379.jpg,yes
/Users/henriwoodcock/Documents/Code/data_projects/automatic-asset-classification/data/processing/outfall/test/outfall_386.jpg,yes
/Users/henriwoodcock/Documents/Code/data_projects/automatic-asset-classification/data/processing/outfall/test/outfall_487.jpg,yes
/Users/henriwoodcock/Documents/Code/data_projects/automatic-asset-classification/data/processing/outfall/test/outfall_493.jpg,no
/Users/henriwoodcock/Documents/Code/data_projects/automatic-asset-classification/data/processing/outfall/test/outfall_444.jpg,yes
/Users/henriwoodcock/Documents/Code/data_projects/automatic-asset-classification/data/processing/outfall/test/outfall_322.jpg,yes
/Users/henriwoodcock/Documents/Code/data_projects/automatic-asset-classification/data/processing/outfall/test/outfall_450.jpg,yes
/Users/henriwoodcock/Documents/Code/data_projects/automatic-asset-classification/data/processing/outfall/test/outfall_685.jpg,yes
/Users/henriwoodcock/Documents/Code/data_projects/automatic-asset-classification/data/processing/outfall/test/outfall_88.jpg,no
/Users/henriwoodcock/Documents/Code/data_projects/automatic-asset-classification/data/processing/outfall/test/outfall_691.jpg,no
/Users/henriwoodcock/Documents/Code/data_projects/automatic-asset-classification/data/processing/outfall/test/outfall_120.jpg,yes
/Users/henriwoodcock/Documents/Code/data_projects/automatic-asset-classification/data/processing/outfall/test/outfall_652.jpg,no
/Users/henriwoodcock/Documents/Code/data_projects/automatic-asset-classification/data/processing/outfall/test/outfall_134.jpg,yes
/Users/henriwoodcock/Documents/Code/data_projects/automatic-asset-classification/data/processing/outfall/test/outfall_77.jpg,yes
/Users/henriwoodcock/Documents/Code/data_projects/automatic-asset-classification/data/processing/outfall/test/outfall_63.jpg,yes
/Users/henriwoodcock/Documents/Code/data_projects/automatic-asset-classification/data/processing/outfall/test/outfall_726.jpg,yes
/Users/henriwoodcock/Documents/Code/data_projects/automatic-asset-classification/data/processing/outfall/test/outfall_295.jpg,yes
/Users/henriwoodcock/Documents/Code/data_projects/automatic-asset-classification/data/processing/outfall/test/outfall_281.jpg,yes
/Users/henriwoodcock/Documents/Code/data_projects/automatic-asset-classification/data/processing/outfall/test/outfall_530.jpg,yes
/Users/henriwoodcock/Documents/Code/data_projects/automatic-asset-classification/data/processing/outfall/test/outfall_256.jpg,yes
/Users/henriwoodcock/Documents/Code/data_projects/automatic-asset-classification/data/processing/outfall/test/outfall_242.jpg,yes
/Users/henriwoodcock/Documents/Code/data_projects/automatic-asset-classification/data/processing/outfall/test/outfall_518.jpg,yes
/Users/henriwoodcock/Documents/Code/data_projects/automatic-asset-classification/data/processing/outfall/test/outfall_519.jpg,yes
/Users/henriwoodcock/Documents/Code/data_projects/automatic-asset-classification/data/processing/outfall/test/outfall_243.jpg,no
/Users/henriwoodcock/Documents/Code/data_projects/automatic-asset-classification/data/processing/outfall/test/outfall_525.jpg,yes
/Users/henriwoodcock/Documents/Code/data_projects/automatic-asset-classification/data/processing/outfall/test/outfall_531.jpg,no
/Users/henriwoodcock/Documents/Code/data_projects/automatic-asset-classification/data/processing/outfall/test/outfall_257.jpg,no
/Users/henriwoodcock/Documents/Code/data_projects/automatic-asset-classification/data/processing/outfall/test/outfall_280.jpg,no
/Users/henriwoodcock/Documents/Code/data_projects/automatic-asset-classification/data/processing/outfall/test/outfall_727.jpg,yes
/Users/henriwoodcock/Documents/Code/data_projects/automatic-asset-classification/data/processing/outfall/test/outfall_733.jpg,yes
/Users/henriwoodcock/Documents/Code/data_projects/automatic-asset-classification/data/processing/outfall/test/outfall_62.jpg,yes
/Users/henriwoodcock/Documents/Code/data_projects/automatic-asset-classification/data/processing/outfall/test/outfall_109.jpg,no
/Users/henriwoodcock/Documents/Code/data_projects/automatic-asset-classification/data/processing/outfall/test/outfall_76.jpg,yes
/Users/henriwoodcock/Documents/Code/data_projects/automatic-asset-classification/data/processing/outfall/test/outfall_653.jpg,yes
/Users/henriwoodcock/Documents/Code/data_projects/automatic-asset-classification/data/processing/outfall/test/outfall_135.jpg,yes
/Users/henriwoodcock/Documents/Code/data_projects/automatic-asset-classification/data/processing/outfall/test/outfall_121.jpg,yes
/Users/henriwoodcock/Documents/Code/data_projects/automatic-asset-classification/data/processing/outfall/test/outfall_690.jpg,yes
/Users/henriwoodcock/Documents/Code/data_projects/automatic-asset-classification/data/processing/outfall/test/outfall_89.jpg,yes
/Users/henriwoodcock/Documents/Code/data_projects/automatic-asset-classification/data/processing/outfall/test/outfall_479.jpg,yes
/Users/henriwoodcock/Documents/Code/data_projects/automatic-asset-classification/data/processing/outfall/test/outfall_337.jpg,yes
/Users/henriwoodcock/Documents/Code/data_projects/automatic-asset-classification/data/processing/outfall/test/outfall_451.jpg,yes
/Users/henriwoodcock/Documents/Code/data_projects/automatic-asset-classification/data/processing/outfall/test/outfall_445.jpg,yes
/Users/henriwoodcock/Documents/Code/data_projects/automatic-asset-classification/data/processing/outfall/test/outfall_323.jpg,yes
/Users/henriwoodcock/Documents/Code/data_projects/automatic-asset-classification/data/processing/outfall/test/outfall_492.jpg,yes
/Users/henriwoodcock/Documents/Code/data_projects/automatic-asset-classification/data/processing/outfall/test/outfall_490.jpg,yes
/Users/henriwoodcock/Documents/Code/data_projects/automatic-asset-classification/data/processing/outfall/test/outfall_453.jpg,no
/Users/henriwoodcock/Documents/Code/data_projects/automatic-asset-classification/data/processing/outfall/test/outfall_335.jpg,yes
/Users/henriwoodcock/Documents/Code/data_projects/automatic-asset-classification/data/processing/outfall/test/outfall_321.jpg,yes
/Users/henriwoodcock/Documents/Code/data_projects/automatic-asset-classification/data/processing/outfall/test/outfall_447.jpg,no
/Users/henriwoodcock/Documents/Code/data_projects/automatic-asset-classification/data/processing/outfall/test/outfall_309.jpg,yes
/Users/henriwoodcock/Documents/Code/data_projects/automatic-asset-classification/data/processing/outfall/test/outfall_692.jpg,no
/Users/henriwoodcock/Documents/Code/data_projects/automatic-asset-classification/data/processing/outfall/test/outfall_686.jpg,yes
/Users/henriwoodcock/Documents/Code/data_projects/automatic-asset-classification/data/processing/outfall/test/outfall_137.jpg,yes
/Users/henriwoodcock/Documents/Code/data_projects/automatic-asset-classification/data/processing/outfall/test/outfall_651.jpg,yes
/Users/henriwoodcock/Documents/Code/data_projects/automatic-asset-classification/data/processing/outfall/test/outfall_48.jpg,yes
/Users/henriwoodcock/Documents/Code/data_projects/automatic-asset-classification/data/processing/outfall/test/outfall_123.jpg,no
/Users/henriwoodcock/Documents/Code/data_projects/automatic-asset-classification/data/processing/outfall/test/outfall_60.jpg,yes
/Users/henriwoodcock/Documents/Code/data_projects/automatic-asset-classification/data/processing/outfall/test/outfall_679.jpg,yes
/Users/henriwoodcock/Documents/Code/data_projects/automatic-asset-classification/data/processing/outfall/test/outfall_74.jpg,yes
/Users/henriwoodcock/Documents/Code/data_projects/automatic-asset-classification/data/processing/outfall/test/outfall_731.jpg,yes
/Users/henriwoodcock/Documents/Code/data_projects/automatic-asset-classification/data/processing/outfall/test/outfall_282.jpg,yes
/Users/henriwoodcock/Documents/Code/data_projects/automatic-asset-classification/data/processing/outfall/test/outfall_296.jpg,yes
/Users/henriwoodcock/Documents/Code/data_projects/automatic-asset-classification/data/processing/outfall/test/outfall_527.jpg,yes
/Users/henriwoodcock/Documents/Code/data_projects/automatic-asset-classification/data/processing/outfall/test/outfall_241.jpg,yes
/Users/henriwoodcock/Documents/Code/data_projects/automatic-asset-classification/data/processing/outfall/test/outfall_255.jpg,yes
/Users/henriwoodcock/Documents/Code/data_projects/automatic-asset-classification/data/processing/outfall/test/outfall_533.jpg,yes
/Users/henriwoodcock/Documents/Code/data_projects/automatic-asset-classification/data/processing/outfall/test/outfall_269.jpg,yes
/Users/henriwoodcock/Documents/Code/data_projects/automatic-asset-classification/data/processing/outfall/test/outfall_268.jpg,yes
/Users/henriwoodcock/Documents/Code/data_projects/automatic-asset-classification/data/processing/outfall/test/outfall_532.jpg,yes
/Users/henriwoodcock/Documents/Code/data_projects/automatic-asset-classification/data/processing/outfall/test/outfall_526.jpg,yes
/Users/henriwoodcock/Documents/Code/data_projects/automatic-asset-classification/data/processing/outfall/test/outfall_240.jpg,yes
/Users/henriwoodcock/Documents/Code/data_projects/automatic-asset-classification/data/processing/outfall/test/outfall_297.jpg,yes
/Users/henriwoodcock/Documents/Code/data_projects/automatic-asset-classification/data/processing/outfall/test/outfall_283.jpg,no
/Users/henriwoodcock/Documents/Code/data_projects/automatic-asset-classification/data/processing/outfall/test/outfall_718.jpg,yes
/Users/henriwoodcock/Documents/Code/data_projects/automatic-asset-classification/data/processing/outfall/test/outfall_724.jpg,no
/Users/henriwoodcock/Documents/Code/data_projects/automatic-asset-classification/data/processing/outfall/test/outfall_75.jpg,no
/Users/henriwoodcock/Documents/Code/data_projects/automatic-asset-classification/data/processing/outfall/test/outfall_61.jpg,yes
/Users/henriwoodcock/Documents/Code/data_projects/automatic-asset-classification/data/processing/outfall/test/outfall_644.jpg,no
/Users/henriwoodcock/Documents/Code/data_projects/automatic-asset-classification/data/processing/outfall/test/outfall_49.jpg,no
/Users/henriwoodcock/Documents/Code/data_projects/automatic-asset-classification/data/processing/outfall/test/outfall_122.jpg,yes
/Users/henriwoodcock/Documents/Code/data_projects/automatic-asset-classification/data/processing/outfall/test/outfall_136.jpg,yes
/Users/henriwoodcock/Documents/Code/data_projects/automatic-asset-classification/data/processing/outfall/test/outfall_650.jpg,no
/Users/henriwoodcock/Documents/Code/data_projects/automatic-asset-classification/data/processing/outfall/test/outfall_687.jpg,yes
/Users/henriwoodcock/Documents/Code/data_projects/automatic-asset-classification/data/processing/outfall/test/outfall_693.jpg,yes
/Users/henriwoodcock/Documents/Code/data_projects/automatic-asset-classification/data/processing/outfall/test/outfall_308.jpg,yes
/Users/henriwoodcock/Documents/Code/data_projects/automatic-asset-classification/data/processing/outfall/test/outfall_320.jpg,yes
/Users/henriwoodcock/Documents/Code/data_projects/automatic-asset-classification/data/processing/outfall/test/outfall_446.jpg,yes
/Users/henriwoodcock/Documents/Code/data_projects/automatic-asset-classification/data/processing/outfall/test/outfall_452.jpg,yes
/Users/henriwoodcock/Documents/Code/data_projects/automatic-asset-classification/data/processing/outfall/test/outfall_334.jpg,yes
/Users/henriwoodcock/Documents/Code/data_projects/automatic-asset-classification/data/processing/outfall/test/outfall_485.jpg,no
/Users/henriwoodcock/Documents/Code/data_projects/automatic-asset-classification/data/processing/outfall/test/outfall_491.jpg,yes
/Users/henriwoodcock/Documents/Code/data_projects/automatic-asset-classification/data/processing/outfall/test/outfall_495.jpg,yes
/Users/henriwoodcock/Documents/Code/data_projects/automatic-asset-classification/data/processing/outfall/test/outfall_481.jpg,yes
/Users/henriwoodcock/Documents/Code/data_projects/automatic-asset-classification/data/processing/outfall/test/outfall_318.jpg,yes
/Users/henriwoodcock/Documents/Code/data_projects/automatic-asset-classification/data/processing/outfall/test/outfall_330.jpg,yes
/Users/henriwoodcock/Documents/Code/data_projects/automatic-asset-classification/data/processing/outfall/test/outfall_456.jpg,yes
/Users/henriwoodcock/Documents/Code/data_projects/automatic-asset-classification/data/processing/outfall/test/outfall_442.jpg,no
/Users/henriwoodcock/Documents/Code/data_projects/automatic-asset-classification/data/processing/outfall/test/outfall_324.jpg,yes
/Users/henriwoodcock/Documents/Code/data_projects/automatic-asset-classification/data/processing/outfall/test/outfall_697.jpg,yes
/Users/henriwoodcock/Documents/Code/data_projects/automatic-asset-classification/data/processing/outfall/test/outfall_683.jpg,yes
/Users/henriwoodcock/Documents/Code/data_projects/automatic-asset-classification/data/processing/outfall/test/outfall_668.jpg,yes
/Users/henriwoodcock/Documents/Code/data_projects/automatic-asset-classification/data/processing/outfall/test/outfall_65.jpg,yes
/Users/henriwoodcock/Documents/Code/data_projects/automatic-asset-classification/data/processing/outfall/test/outfall_71.jpg,no
/Users/henriwoodcock/Documents/Code/data_projects/automatic-asset-classification/data/processing/outfall/test/outfall_59.jpg,yes
/Users/henriwoodcock/Documents/Code/data_projects/automatic-asset-classification/data/processing/outfall/test/outfall_654.jpg,yes
/Users/henriwoodcock/Documents/Code/data_projects/automatic-asset-classification/data/processing/outfall/test/outfall_132.jpg,yes
/Users/henriwoodcock/Documents/Code/data_projects/automatic-asset-classification/data/processing/outfall/test/outfall_126.jpg,yes
/Users/henriwoodcock/Documents/Code/data_projects/automatic-asset-classification/data/processing/outfall/test/outfall_708.jpg,yes
/Users/henriwoodcock/Documents/Code/data_projects/automatic-asset-classification/data/processing/outfall/test/outfall_720.jpg,no
/Users/henriwoodcock/Documents/Code/data_projects/automatic-asset-classification/data/processing/outfall/test/outfall_734.jpg,yes
/Users/henriwoodcock/Documents/Code/data_projects/automatic-asset-classification/data/processing/outfall/test/outfall_287.jpg,yes
/Users/henriwoodcock/Documents/Code/data_projects/automatic-asset-classification/data/processing/outfall/test/outfall_293.jpg,yes
/Users/henriwoodcock/Documents/Code/data_projects/automatic-asset-classification/data/processing/outfall/test/outfall_278.jpg,yes
/Users/henriwoodcock/Documents/Code/data_projects/automatic-asset-classification/data/processing/outfall/test/outfall_522.jpg,yes
/Users/henriwoodcock/Documents/Code/data_projects/automatic-asset-classification/data/processing/outfall/test/outfall_536.jpg,yes
/Users/henriwoodcock/Documents/Code/data_projects/automatic-asset-classification/data/processing/outfall/test/outfall_537.jpg,yes
/Users/henriwoodcock/Documents/Code/data_projects/automatic-asset-classification/data/processing/outfall/test/outfall_251.jpg,yes
/Users/henriwoodcock/Documents/Code/data_projects/automatic-asset-classification/data/processing/outfall/test/outfall_245.jpg,yes
/Users/henriwoodcock/Documents/Code/data_projects/automatic-asset-classification/data/processing/outfall/test/outfall_523.jpg,yes
/Users/henriwoodcock/Documents/Code/data_projects/automatic-asset-classification/data/processing/outfall/test/outfall_279.jpg,yes
/Users/henriwoodcock/Documents/Code/data_projects/automatic-asset-classification/data/processing/outfall/test/outfall_292.jpg,yes
/Users/henriwoodcock/Documents/Code/data_projects/automatic-asset-classification/data/processing/outfall/test/outfall_286.jpg,yes
/Users/henriwoodcock/Documents/Code/data_projects/automatic-asset-classification/data/processing/outfall/test/outfall_735.jpg,yes
/Users/henriwoodcock/Documents/Code/data_projects/automatic-asset-classification/data/processing/outfall/test/outfall_127.jpg,no
/Users/henriwoodcock/Documents/Code/data_projects/automatic-asset-classification/data/processing/outfall/test/outfall_641.jpg,yes
/Users/henriwoodcock/Documents/Code/data_projects/automatic-asset-classification/data/processing/outfall/test/outfall_655.jpg,no
/Users/henriwoodcock/Documents/Code/data_projects/automatic-asset-classification/data/processing/outfall/test/outfall_58.jpg,yes
/Users/henriwoodcock/Documents/Code/data_projects/automatic-asset-classification/data/processing/outfall/test/outfall_133.jpg,no
/Users/henriwoodcock/Documents/Code/data_projects/automatic-asset-classification/data/processing/outfall/test/outfall_70.jpg,yes
/Users/henriwoodcock/Documents/Code/data_projects/automatic-asset-classification/data/processing/outfall/test/outfall_64.jpg,yes
/Users/henriwoodcock/Documents/Code/data_projects/automatic-asset-classification/data/processing/outfall/test/outfall_669.jpg,yes
/Users/henriwoodcock/Documents/Code/data_projects/automatic-asset-classification/data/processing/outfall/test/outfall_682.jpg,yes
/Users/henriwoodcock/Documents/Code/data_projects/automatic-asset-classification/data/processing/outfall/test/outfall_696.jpg,yes
/Users/henriwoodcock/Documents/Code/data_projects/automatic-asset-classification/data/processing/outfall/test/outfall_443.jpg,yes
/Users/henriwoodcock/Documents/Code/data_projects/automatic-asset-classification/data/processing/outfall/test/outfall_325.jpg,yes
/Users/henriwoodcock/Documents/Code/data_projects/automatic-asset-classification/data/processing/outfall/test/outfall_331.jpg,yes
/Users/henriwoodcock/Documents/Code/data_projects/automatic-asset-classification/data/processing/outfall/test/outfall_457.jpg,yes
/Users/henriwoodcock/Documents/Code/data_projects/automatic-asset-classification/data/processing/outfall/test/outfall_480.jpg,no
/Users/henriwoodcock/Documents/Code/data_projects/automatic-asset-classification/data/processing/outfall/test/outfall_494.jpg,yes
/Users/henriwoodcock/Documents/Code/data_projects/automatic-asset-classification/data/processing/outfall/test/outfall_482.jpg,yes
/Users/henriwoodcock/Documents/Code/data_projects/automatic-asset-classification/data/processing/outfall/test/outfall_496.jpg,yes
/Users/henriwoodcock/Documents/Code/data_projects/automatic-asset-classification/data/processing/outfall/test/outfall_469.jpg,yes
/Users/henriwoodcock/Documents/Code/data_projects/automatic-asset-classification/data/processing/outfall/test/outfall_327.jpg,no
/Users/henriwoodcock/Documents/Code/data_projects/automatic-asset-classification/data/processing/outfall/test/outfall_441.jpg,yes
/Users/henriwoodcock/Documents/Code/data_projects/automatic-asset-classification/data/processing/outfall/test/outfall_455.jpg,no
/Users/henriwoodcock/Documents/Code/data_projects/automatic-asset-classification/data/processing/outfall/test/outfall_333.jpg,yes
/Users/henriwoodcock/Documents/Code/data_projects/automatic-asset-classification/data/processing/outfall/test/outfall_680.jpg,yes
/Users/henriwoodcock/Documents/Code/data_projects/automatic-asset-classification/data/processing/outfall/test/outfall_694.jpg,yes
/Users/henriwoodcock/Documents/Code/data_projects/automatic-asset-classification/data/processing/outfall/test/outfall_99.jpg,yes
/Users/henriwoodcock/Documents/Code/data_projects/automatic-asset-classification/data/processing/outfall/test/outfall_72.jpg,yes
/Users/henriwoodcock/Documents/Code/data_projects/automatic-asset-classification/data/processing/outfall/test/outfall_119.jpg,yes
/Users/henriwoodcock/Documents/Code/data_projects/automatic-asset-classification/data/processing/outfall/test/outfall_66.jpg,no
/Users/henriwoodcock/Documents/Code/data_projects/automatic-asset-classification/data/processing/outfall/test/outfall_643.jpg,yes
/Users/henriwoodcock/Documents/Code/data_projects/automatic-asset-classification/data/processing/outfall/test/outfall_125.jpg,yes
/Users/henriwoodcock/Documents/Code/data_projects/automatic-asset-classification/data/processing/outfall/test/outfall_131.jpg,yes
/Users/henriwoodcock/Documents/Code/data_projects/automatic-asset-classification/data/processing/outfall/test/outfall_657.jpg,yes
/Users/henriwoodcock/Documents/Code/data_projects/automatic-asset-classification/data/processing/outfall/test/outfall_737.jpg,yes
/Users/henriwoodcock/Documents/Code/data_projects/automatic-asset-classification/data/processing/outfall/test/outfall_723.jpg,yes
/Users/henriwoodcock/Documents/Code/data_projects/automatic-asset-classification/data/processing/outfall/test/outfall_290.jpg,yes
/Users/henriwoodcock/Documents/Code/data_projects/automatic-asset-classification/data/processing/outfall/test/outfall_284.jpg,yes
/Users/henriwoodcock/Documents/Code/data_projects/automatic-asset-classification/data/processing/outfall/test/outfall_509.jpg,yes
/Users/henriwoodcock/Documents/Code/data_projects/automatic-asset-classification/data/processing/outfall/test/outfall_253.jpg,yes
/Users/henriwoodcock/Documents/Code/data_projects/automatic-asset-classification/data/processing/outfall/test/outfall_535.jpg,no
/Users/henriwoodcock/Documents/Code/data_projects/automatic-asset-classification/data/processing/outfall/test/outfall_521.jpg,yes
/Users/henriwoodcock/Documents/Code/data_projects/automatic-asset-classification/data/processing/outfall/test/outfall_247.jpg,no
/Users/henriwoodcock/Documents/Code/data_projects/automatic-asset-classification/data/processing/outfall/test/outfall_520.jpg,yes
/Users/henriwoodcock/Documents/Code/data_projects/automatic-asset-classification/data/processing/outfall/test/outfall_246.jpg,yes
/Users/henriwoodcock/Documents/Code/data_projects/automatic-asset-classification/data/processing/outfall/test/outfall_252.jpg,yes
/Users/henriwoodcock/Documents/Code/data_projects/automatic-asset-classification/data/processing/outfall/test/outfall_534.jpg,yes
/Users/henriwoodcock/Documents/Code/data_projects/automatic-asset-classification/data/processing/outfall/test/outfall_508.jpg,yes
/Users/henriwoodcock/Documents/Code/data_projects/automatic-asset-classification/data/processing/outfall/test/outfall_285.jpg,yes
/Users/henriwoodcock/Documents/Code/data_projects/automatic-asset-classification/data/processing/outfall/test/outfall_291.jpg,yes
/Users/henriwoodcock/Documents/Code/data_projects/automatic-asset-classification/data/processing/outfall/test/outfall_722.jpg,yes
/Users/henriwoodcock/Documents/Code/data_projects/automatic-asset-classification/data/processing/outfall/test/outfall_736.jpg,yes
/Users/henriwoodcock/Documents/Code/data_projects/automatic-asset-classification/data/processing/outfall/test/outfall_130.jpg,yes
/Users/henriwoodcock/Documents/Code/data_projects/automatic-asset-classification/data/processing/outfall/test/outfall_656.jpg,yes
/Users/henriwoodcock/Documents/Code/data_projects/automatic-asset-classification/data/processing/outfall/test/outfall_642.jpg,yes
/Users/henriwoodcock/Documents/Code/data_projects/automatic-asset-classification/data/processing/outfall/test/outfall_124.jpg,yes
/Users/henriwoodcock/Documents/Code/data_projects/automatic-asset-classification/data/processing/outfall/test/outfall_67.jpg,yes
/Users/henriwoodcock/Documents/Code/data_projects/automatic-asset-classification/data/processing/outfall/test/outfall_73.jpg,yes
/Users/henriwoodcock/Documents/Code/data_projects/automatic-asset-classification/data/processing/outfall/test/outfall_118.jpg,no
/Users/henriwoodcock/Documents/Code/data_projects/automatic-asset-classification/data/processing/outfall/test/outfall_98.jpg,yes
/Users/henriwoodcock/Documents/Code/data_projects/automatic-asset-classification/data/processing/outfall/test/outfall_695.jpg,yes
/Users/henriwoodcock/Documents/Code/data_projects/automatic-asset-classification/data/processing/outfall/test/outfall_681.jpg,yes
/Users/henriwoodcock/Documents/Code/data_projects/automatic-asset-classification/data/processing/outfall/test/outfall_454.jpg,yes
/Users/henriwoodcock/Documents/Code/data_projects/automatic-asset-classification/data/processing/outfall/test/outfall_332.jpg,yes
/Users/henriwoodcock/Documents/Code/data_projects/automatic-asset-classification/data/processing/outfall/test/outfall_326.jpg,yes
/Users/henriwoodcock/Documents/Code/data_projects/automatic-asset-classification/data/processing/outfall/test/outfall_468.jpg,yes
/Users/henriwoodcock/Documents/Code/data_projects/automatic-asset-classification/data/processing/outfall/test/outfall_497.jpg,no
/Users/henriwoodcock/Documents/Code/data_projects/automatic-asset-classification/data/processing/outfall/test/outfall_483.jpg,yes
